{"cameraMode":{"drawMode":0,"name":"Shaded","section":"Shading Mode"},"sceneLighting":false,"audioPlay":false,"sceneViewState":{"showFog":true,"showMaterialUpdate":false,"showSkybox":false,"showFlares":true,"showImageEffects":true,"showParticleSystems":true},"in2DMode":false,"pivot":{"x":403.4406433105469,"y":-4.408923149108887,"z":3.50063419342041},"rotation":{"x":-0.030020268633961679,"y":0.9621635675430298,"z":-0.2434370517730713,"w":-0.1186525747179985},"size":65.29397583007813,"orthographic":false}